batter,total_runs,total_matches,balls_faced,strike_rate,highest_run_in_match,half_centuries,centuries,m1,m2,m3,m4,m5,m6,m7,m8,m9,m10
V Kohli,8014,244,6236,128.51186658114176,113,56,8,33,47,27,92,42,70,51,18,42,3
S Dhawan,6769,221,5483,123.45431333211745,106,51,2,14,1,70,45,22,17,0,7,57,30
RG Sharma,6630,251,5183,127.91819409608335,109,43,2,68,19,4,11,4,8,6,36,105,38
DA Warner,6567,184,4849,135.4299855640338,126,62,4,1,1,8,10,18,52,49,29,86,46
SK Raina,5536,200,4177,132.53531242518554,100,39,1,17,4,11,2,3,2,17,24,18,8
MS Dhoni,5243,228,3947,132.8350646060299,84,24,0,25,26,0,14,5,4,28,20,1,1
AB de Villiers,5181,170,3487,148.58044164037855,133,41,3,11,12,11,4,26,19,23,0,3,75
CH Gayle,4997,141,3516,142.1217292377702,175,32,6,14,1,13,46,0,43,15,11,10,40
RV Uthappa,4954,197,3927,126.15227909345556,88,27,0,1,0,1,1,30,3,88,15,13,50
KD Karthik,4843,233,3687,131.35340385136968,97,22,0,11,14,0,18,21,11,25,83,53,4
KL Rahul,4689,122,3578,131.05086640581328,132,37,4,55,5,29,25,28,76,16,82,39,39
AM Rahane,4642,171,3858,120.32141005702437,105,30,2,33,1,9,29,9,1,36,5,35,45
F du Plessis,4571,138,3435,133.07132459970887,96,37,0,17,54,6,9,64,24,25,7,62,61
SV Samson,4419,162,3270,135.1376146788991,119,25,3,10,17,18,15,86,0,71,38,12,18
AT Rayudu,4348,185,3490,124.58452722063038,100,22,1,19,17,4,23,12,0,9,14,1,20
G Gambhir,4217,151,3524,119.66515323496027,93,36,0,4,3,8,15,55,12,32,21,8,14
SR Watson,3880,141,2892,134.1632088520055,117,21,4,14,14,8,42,14,1,83,36,50,33
MK Pandey,3859,158,3288,117.36618004866179,114,22,1,42,0,27,1,1,34,21,50,26,0
SA Yadav,3594,135,2522,142.50594766058683,103,24,2,0,11,102,56,10,26,10,78,0,52
JC Buttler,3583,106,2519,142.23898372369987,124,19,7,21,19,0,34,35,107,8,100,13,11
KA Pollard,3437,168,2447,140.45770331017573,87,16,0,15,4,10,19,14,25,10,0,22,22
RR Pant,3297,110,2296,143.59756097560975,128,18,1,33,15,27,29,88,44,16,41,1,55
YK Pathan,3222,153,2334,138.04627249357327,100,14,1,3,5,0,9,6,16,1,45,3,24
Shubman Gill,3216,99,2432,132.23684210526315,129,20,4,104,2,16,6,35,8,72,19,89,36
Q de Kock,3160,107,2410,131.12033195020746,140,23,2,12,2,8,0,54,10,19,6,81,54
SS Iyer,3131,114,2545,123.02554027504911,96,21,0,6,58,7,23,6,33,28,50,11,38
RA Jadeja,2959,180,2378,124.4322960470984,62,3,0,42,5,18,43,2,16,57,31,21,7
WP Saha,2934,143,2368,123.90202702702702,115,13,1,1,5,39,13,2,11,25,21,19,54
DA Miller,2924,123,2171,134.68447719944726,101,13,1,16,30,26,55,4,2,44,21,12,4
BB McCullum,2882,109,2272,126.84859154929578,158,13,2,5,37,38,4,0,43,1,45,7,3
PA Patel,2848,136,2442,116.62571662571663,81,13,0,0,8,39,43,53,11,28,19,9,25
GJ Maxwell,2772,128,1842,150.4885993485342,95,18,0,0,16,4,0,1,0,28,3,0,11
Yuvraj Singh,2754,126,2207,124.78477571363842,83,13,0,4,18,23,53,1,14,14,20,4,12
V Sehwag,2728,104,1833,148.82705946535734,122,16,2,2,1,1,1,11,47,36,0,7,122
MA Agarwal,2669,121,2081,128.25564632388276,106,13,1,5,16,11,32,83,18,5,49,2,48
Ishan Kishan,2644,99,1991,132.79758915118032,99,16,0,14,40,9,13,32,20,0,8,23,69
N Rana,2636,101,2015,130.81885856079404,87,18,0,33,9,8,57,22,51,42,4,48,27
M Vijay,2619,105,2208,118.61413043478262,127,13,2,10,21,1,26,38,12,59,16,6,54
HH Pandya,2534,128,1814,139.69128996692393,91,10,0,16,2,1,0,46,10,10,2,21,39
SPD Smith,2495,93,1999,124.81240620310155,101,11,1,9,39,24,4,34,33,9,1,11,31
SE Marsh,2489,69,1913,130.10977522216413,115,20,1,10,25,11,58,20,84,30,26,1,45
AD Russell,2488,104,1515,164.22442244224422,88,11,0,24,12,7,24,27,13,10,41,64,7
JH Kallis,2427,95,2291,105.93627237014405,89,17,0,10,4,13,9,43,0,72,24,1,41
DR Smith,2385,88,1803,132.27953410981698,87,17,0,54,8,74,9,0,4,5,1,0,47
RD Gaikwad,2380,65,1781,133.63279056709715,108,18,2,0,42,0,32,62,98,108,17,69,67
SR Tendulkar,2334,78,2044,114.18786692759295,100,13,1,38,15,48,15,14,9,23,2,54,1
RA Tripathi,2236,93,1650,135.51515151515153,93,12,0,9,37,55,33,11,20,15,1,20,47
R Dravid,2174,82,1918,113.34723670490095,75,11,0,43,12,25,4,22,4,53,58,6,22
KS Williamson,2132,76,1734,122.95271049596307,89,18,0,1,26,8,9,4,47,5,16,3,17
AJ Finch,2092,90,1696,123.34905660377358,88,15,0,14,4,3,58,7,32,52,15,47,29
AC Gilchrist,2069,80,1555,133.05466237942122,109,11,2,5,6,26,42,85,27,42,4,26,7
JP Duminy,2029,75,1680,120.77380952380952,78,14,0,13,23,17,14,9,34,13,48,49,7
MEK Hussey,1977,58,1648,119.96359223300972,116,15,1,4,56,16,1,39,22,56,6,56,10
PP Shaw,1892,79,1321,143.22482967448903,99,14,0,13,11,16,7,32,66,10,43,5,54
MP Stoinis,1866,88,1366,136.60322108345534,124,9,1,28,5,3,36,62,0,124,8,10,8
DPMD Jayawardene,1808,78,1522,118.7910643889619,110,10,1,14,4,19,34,11,5,12,39,59,6
N Pooran,1769,72,1143,154.7681539807524,77,9,0,75,61,48,10,14,11,34,23,45,0
Mandeep Singh,1706,97,1418,120.31029619181946,77,6,0,12,0,2,0,18,0,15,6,0,0
MK Tiwary,1695,83,1489,113.83478844862324,75,7,0,35,4,7,1,7,58,60,9,8,0
KC Sangakkara,1687,68,1424,118.4691011235955,94,10,0,3,23,8,21,4,2,28,16,15,15
AR Patel,1653,112,1318,125.41729893778452,66,3,0,14,57,15,15,11,66,6,8,0,7
KH Pandya,1647,107,1287,127.97202797202797,86,1,0,12,18,24,5,1,15,7,3,2,43
YBK Jaiswal,1607,52,1095,146.7579908675799,124,9,2,42,45,4,24,4,67,24,104,19,39
JM Bairstow,1589,50,1132,140.37102473498234,114,9,2,14,27,7,46,108,15,0,22,42,8
DJ Bravo,1560,110,1247,125.10024057738573,70,5,0,12,1,1,8,0,1,23,4,20,0
D Padikkal,1559,64,1323,117.83824640967498,101,9,1,0,13,3,7,6,9,0,51,4,12
NV Ojha,1554,94,1360,114.26470588235293,94,6,0,1,16,9,34,11,9,7,10,7,15
SP Narine,1534,106,984,155.8943089430894,109,7,1,6,21,0,81,8,15,71,10,109,6
S Dube,1502,61,1077,139.46146703806872,95,9,0,7,18,21,0,0,39,66,3,66,28
KK Nair,1496,68,1192,125.503355704698,83,10,0,13,3,15,0,1,5,54,1,3,3
SS Tiwary,1494,73,1291,115.72424477149497,61,8,0,15,50,45,5,34,21,5,1,42,52
DJ Hooda,1466,96,1170,125.2991452991453,64,8,0,11,0,5,18,50,17,8,10,26,15
S Badrinath,1441,65,1245,115.74297188755021,71,11,0,0,0,34,6,34,34,16,47,1,1
EJG Morgan,1406,74,1181,119.05165114309906,68,5,0,4,0,5,2,13,2,8,7,0,0
BJ Hodge,1400,63,1153,121.42237640936686,73,6,0,29,31,40,1,19,54,8,39,0,4
Abhishek Sharma,1377,61,925,148.86486486486484,75,7,0,2,12,3,66,75,11,12,15,31,46
SC Ganguly,1349,56,1326,101.73453996983409,91,7,0,5,2,14,36,16,45,23,1,41,24
CA Lynn,1329,42,974,136.4476386036961,93,10,0,49,41,46,54,0,51,1,82,0,50
VR Iyer,1326,49,1000,132.6,104,11,1,52,51,42,1,70,26,39,16,8,3
DJ Hussey,1322,61,1101,120.07266121707538,71,5,0,1,40,50,25,13,20,1,22,34,21
SO Hetmyer,1243,65,854,145.5503512880562,75,4,0,4,26,13,0,27,13,11,14,5,46
KM Jadhav,1208,81,1012,119.36758893280633,69,4,0,12,12,3,19,12,9,26,4,3,7
R Parag,1173,58,909,129.04290429042905,84,6,0,6,36,48,47,27,77,14,34,23,76
MM Ali,1162,57,849,136.86690223792698,93,6,0,10,56,17,15,30,9,1,7,10,23
Tilak Varma,1156,38,830,139.27710843373492,84,6,0,32,37,4,7,63,65,34,31,16,6
TM Dilshan,1153,50,1047,110.12416427889207,76,9,0,13,33,25,5,0,4,10,47,53,19
IK Pathan,1150,82,985,116.75126903553299,60,1,0,2,2,7,2,23,1,21,4,1,5
V Shankar,1115,58,890,125.2808988764045,63,6,0,10,16,17,8,14,12,6,14,53,29
ML Hayden,1107,32,839,131.94278903456495,93,8,0,17,8,5,1,0,19,35,34,12,19
M Vohra,1083,51,863,125.49246813441484,95,3,0,10,19,7,14,9,12,8,45,0,2
LMP Simmons,1079,29,878,122.89293849658314,100,11,1,3,3,5,0,59,1,66,8,68,65
B Sai Sudharsan,1034,25,770,134.28571428571428,103,6,1,103,6,84,65,31,12,35,31,33,45
LRPL Taylor,1017,54,847,120.07083825265643,81,3,0,4,6,6,43,8,4,17,15,19,24
R Tewatia,1013,65,788,128.55329949238578,53,1,0,35,4,36,10,22,30,23,6,22,3
KP Pietersen,1001,36,758,132.05804749340368,103,4,1,0,15,37,21,58,44,49,13,33,35
MC Henriques,1000,54,801,124.84394506866417,74,5,0,3,12,2,14,4,44,4,25,7,55
AK Markram,995,42,787,126.4294790343075,68,5,0,20,1,32,7,1,32,0,50,17,42
H Klaasen,993,32,613,161.99021207177816,104,6,1,16,50,32,42,2,42,20,7,15,67
Y Venugopal Rao,985,52,865,113.87283236994219,71,3,0,27,4,13,11,16,10,13,21,36,7
JA Morkel,975,67,712,136.93820224719101,73,3,0,16,8,5,73,1,16,15,7,6,10
A Symonds,974,36,781,124.71190781049937,117,5,1,8,8,4,3,4,17,44,31,16,2
CL White,971,45,774,125.45219638242895,78,6,0,31,2,0,43,10,52,2,16,0,34
LS Livingstone,939,39,609,154.1871921182266,94,6,0,0,6,1,21,28,17,38,9,94,4
BA Stokes,935,43,718,130.22284122562675,107,2,2,8,7,0,41,107,50,19,18,15,30
DP Conway,924,22,669,138.11659192825113,92,9,0,47,40,87,30,10,44,92,8,56,77
RK Singh,893,40,654,136.54434250764527,67,4,0,20,16,9,11,5,24,20,9,26,5
HH Gibbs,886,36,837,105.8542413381123,69,6,0,13,2,66,18,12,17,50,27,25,31
SM Curran,883,48,673,131.2035661218425,63,5,0,63,22,7,26,20,6,6,29,5,0
STR Binny,880,66,700,125.71428571428571,48,0,0,0,11,19,7,33,0,1,22,11,10
Harbhajan Singh,833,88,636,130.9748427672956,64,1,0,2,2,1,2,19,8,2,1,0,7
R Ashwin,800,89,698,114.61318051575931,50,1,0,0,28,1,2,2,8,16,29,2,8
RM Patidar,799,24,534,149.625468164794,112,7,1,34,41,52,55,2,50,52,9,50,29
MS Bisla,798,39,737,108.27679782903662,92,4,0,17,20,3,15,1,0,12,17,29,4
Shakib Al Hasan,795,52,665,119.54887218045114,66,2,0,0,0,9,26,9,3,9,23,28,12
TM Head,772,25,458,168.5589519650655,102,5,1,0,34,0,0,89,48,58,13,1,89
ST Jayasuriya,768,30,573,134.03141361256544,114,4,1,1,2,7,23,0,30,16,4,29,5
P Simran Singh,756,34,528,143.1818181818182,103,3,1,71,6,6,30,13,54,35,0,10,4
GC Smith,739,29,691,106.9464544138929,91,4,0,6,12,24,0,18,26,0,19,1,30
JM Sharma,730,36,501,145.70858283433134,49,0,0,32,22,5,0,13,9,29,19,16,6
AD Mathews,724,41,599,120.86811352253757,65,1,0,31,1,1,12,16,22,0,17,28,15
C Green,707,28,472,149.78813559322032,100,2,1,27,38,32,46,1,37,6,5,9,33
TL Suman,676,39,587,115.1618398637138,78,2,0,11,0,12,23,6,10,5,2,4,5
AM Nayar,672,50,588,114.28571428571428,45,0,0,11,5,23,4,11,1,2,2,0,0
MR Marsh,665,36,532,125.0,89,3,0,0,18,23,20,3,5,26,63,25,2
GJ Bailey,663,36,552,120.1086956521739,61,2,0,9,8,33,34,0,12,13,6,2,21
TH David,659,35,417,158.0335731414868,46,0,0,0,24,35,37,3,14,13,45,17,42
E Lewis,654,26,499,131.06212424849699,65,4,0,2,5,1,55,10,36,58,6,24,27
PD Salt,653,21,385,169.6103896103896,89,6,0,6,32,5,68,75,48,10,89,0,18
A Badoni,634,35,505,125.54455445544555,59,4,0,22,6,55,15,6,18,29,55,20,0
PP Chawla,624,86,580,107.58620689655172,24,0,0,1,0,10,1,3,0,0,2,18,5
CH Morris,618,49,413,149.636803874092,82,2,0,5,0,14,10,0,36,2,2,25,0
JJ Roy,614,21,460,133.47826086956522,91,4,0,45,12,10,38,20,56,61,43,10,60
JD Ryder,604,29,466,129.6137339055794,86,4,0,22,1,9,7,0,86,9,34,73,7
SN Khan,585,36,456,128.28947368421052,67,1,0,9,10,30,4,10,32,1,12,36,0
Abdul Samad,579,39,408,141.91176470588235,37,0,0,4,0,16,11,3,19,10,13,37,25
HM Amla,577,16,418,138.03827751196172,104,3,2,104,1,16,65,104,0,19,25,58,28
M Shahrukh Khan,553,37,413,133.89830508474577,58,1,0,2,37,58,8,8,0,14,41,6,2
Rashid Khan,545,58,355,153.52112676056336,79,1,0,18,21,3,31,24,0,1,4,0,5
CJ Anderson,538,29,436,123.39449541284404,95,3,0,2,15,0,3,3,6,10,18,41,18
Shahbaz Ahmed,536,37,467,114.77516059957173,59,1,0,8,18,0,3,10,7,40,59,14,18
RS Bopara,531,22,468,113.46153846153845,84,3,0,17,17,0,23,2,41,23,22,8,42
MK Lomror,527,35,389,135.47557840616966,54,1,0,32,0,13,0,7,4,19,0,33,17
JP Faulkner,527,45,406,129.80295566502463,46,0,0,8,14,1,6,21,4,7,32,9,22
PJ Cummins,515,39,359,143.4540389972145,66,3,0,24,5,30,35,5,31,1,3,2,0
M Manhas,514,38,486,105.76131687242798,42,0,0,1,8,3,10,13,2,11,11,1,42
Gurkeerat Singh,511,32,436,117.20183486238531,65,2,0,2,19,15,14,21,65,6,27,51,18
OA Shah,506,22,405,124.93827160493827,76,4,0,24,1,28,28,4,1,1,10,52,12
PC Valthaty,505,23,432,116.89814814814814,120,2,1,6,2,6,8,0,1,13,5,20,62
SW Billings,503,27,399,126.06516290726817,56,3,0,36,34,4,15,17,24,14,25,0,0
RR Rossouw,473,22,321,147.35202492211837,82,2,0,49,22,61,0,43,26,9,1,0,82
DT Christian,460,41,408,112.74509803921569,39,0,0,9,1,1,0,1,1,1,7,6,13
NLTC Perera,424,30,326,130.06134969325154,40,0,0,23,13,17,14,14,12,3,12,34,8
SA Asnodkar,423,19,352,120.17045454545455,60,2,0,9,5,4,44,26,0,10,11,3,0
Shashank Singh,423,19,272,155.51470588235296,68,2,0,2,0,37,27,25,68,8,41,9,46
JR Hopes,417,19,314,132.80254777070064,71,4,0,7,8,55,17,25,54,17,13,2,13
J Botha,409,28,364,112.36263736263736,67,1,0,2,12,17,23,1,1,9,2,7,3
LR Shukla,405,33,358,113.12849162011173,48,0,0,21,10,0,1,2,3,24,9,0,5
T Stubbs,405,17,239,169.4560669456067,71,3,0,57,3,41,4,48,26,10,15,71,54
AL Menaria,401,23,367,109.26430517711172,40,0,0,1,21,20,6,18,34,2,36,22,1
MV Boucher,394,23,318,123.89937106918238,50,1,0,1,5,2,11,5,10,5,13,48,6
CA Pujara,390,22,403,96.7741935483871,51,1,0,19,10,8,35,40,13,51,5,17,19
Azhar Mahmood,388,21,311,124.7588424437299,80,2,0,6,80,61,9,2,9,0,4,0,23
A Mishra,381,55,440,86.5909090909091,31,0,0,19,6,1,8,6,1,7,13,8,9
KR Mayers,379,13,276,137.31884057971016,73,4,0,18,2,48,14,0,54,24,51,29,0
Washington Sundar,378,38,341,110.85043988269794,40,0,0,0,24,9,10,16,1,25,9,4,2
DB Ravi Teja,375,25,325,115.38461538461537,60,1,0,10,4,4,0,60,30,2,30,8,1
S Sohal,368,20,311,118.32797427652733,62,2,0,34,20,0,26,56,1,5,62,7,38
P Negi,365,35,301,121.26245847176081,36,0,0,4,5,0,0,0,3,13,5,21,35
Abishek Porel,360,16,244,147.54098360655738,65,2,0,58,2,65,18,36,42,15,41,0,9
R Powell,360,22,254,141.73228346456693,67,1,0,6,16,4,13,27,26,11,4,2,1
KV Sharma,351,39,306,114.70588235294117,39,0,0,5,6,20,2,1,1,4,19,5,9
DJ Mitchell,351,15,274,128.1021897810219,63,2,0,4,22,63,30,1,52,11,17,25,13
N Wadhera,350,16,261,134.09961685823754,64,2,0,1,3,6,46,4,49,4,23,16,15
Dhruv Jurel,347,22,237,146.41350210970467,56,2,0,56,8,0,28,1,52,2,6,2,20
R Bhatia,342,47,290,117.9310344827586,26,0,0,16,9,3,1,21,0,0,6,7,4
P Kumar,340,57,323,105.26315789473684,34,0,0,1,7,1,1,6,15,1,0,4,12
AP Tare,339,27,285,118.94736842105263,59,1,0,0,0,18,8,0,7,7,0,6,14
J Fraser-McGurk,330,9,150,220.00000000000003,84,4,0,0,21,50,12,84,23,65,20,55,0
JEC Franklin,327,16,309,105.8252427184466,79,1,0,13,1,1,25,13,22,79,2,7,32
RN ten Doeschate,326,21,238,136.9747899159664,70,1,0,8,12,38,3,0,4,17,0,6,25
Anuj Rawat,318,21,276,115.21739130434783,66,1,0,25,11,3,11,48,23,29,6,8,9
R Vinay Kumar,310,42,289,107.26643598615917,26,0,0,6,1,12,0,0,0,4,14,22,26
SN Thakur,307,35,228,134.64912280701756,68,1,0,1,3,17,3,1,8,0,13,12,0
B Kumar,306,65,338,90.53254437869822,27,0,0,0,0,4,13,6,27,2,5,2,6
Lalit Yadav,305,21,301,101.32890365448506,48,0,0,7,3,6,12,4,4,2,38,24,3
DB Das,304,22,267,113.85767790262172,35,0,0,8,23,18,6,19,1,2,19,4,1
C de Grandhomme,303,21,229,132.31441048034935,40,0,0,3,37,2,4,2,40,3,33,8,23
Nithish Kumar Reddy,303,11,221,137.10407239819006,76,2,0,13,5,9,37,20,76,15,13,37,64
LA Pomersbach,302,16,251,120.3187250996016,79,1,0,18,33,7,2,4,29,16,26,1,9
UBT Chand,300,20,314,95.54140127388536,58,1,0,0,13,5,14,58,12,2,16,41,17
DJG Sammy,295,20,251,117.52988047808766,60,1,0,6,7,29,0,10,7,8,10,23,15
SP Goswami,293,21,307,95.43973941368078,52,1,0,0,0,5,12,35,3,18,1,24,0
Rahmanullah Gurbaz,289,13,228,126.75438596491229,81,2,0,39,23,10,1,18,15,0,81,8,0
Y Nagar,285,20,271,105.1660516605166,44,0,0,44,10,9,27,0,24,23,16,10,1
GH Vihari,284,23,331,85.80060422960725,46,0,0,2,2,6,8,9,16,1,6,19,41
VVS Laxman,282,20,271,104.0590405904059,52,1,0,8,0,36,6,4,10,10,12,22,0
A Ashish Reddy,280,23,196,142.85714285714286,36,0,0,2,13,32,17,6,22,15,13,3,5
B Chipli,280,21,256,109.375,61,1,0,16,1,25,1,10,5,10,18,1,12
MJ Lumb,278,12,198,140.4040404040404,83,1,0,0,9,8,83,15,37,0,30,45,41
PBB Rajapaksa,277,13,201,137.81094527363186,50,1,0,0,20,1,50,4,1,27,40,9,42
PK Garg,273,19,247,110.5263157894737,51,1,0,10,12,4,42,21,0,15,7,29,17
MJ Guptill,271,13,197,137.56345177664974,50,1,0,36,30,16,0,36,12,2,9,50,23
R Sathish,270,24,236,114.40677966101696,27,0,0,8,6,10,27,25,4,12,0,22,11
M Kaif,259,22,258,100.3875968992248,34,0,0,14,15,15,3,8,8,14,6,12,12
JO Holder,259,27,217,119.35483870967742,47,0,0,11,0,1,1,1,13,11,0,16,8
HV Patel,249,37,214,116.35514018691589,36,0,0,0,12,0,1,6,0,1,11,8,4
Atharva Taide,247,9,177,139.54802259887003,66,2,0,46,15,19,55,13,66,29,4,0,0
K Gowtham,247,27,159,155.34591194968556,33,0,0,2,11,1,23,1,17,6,0,22,20
SM Katich,241,11,191,126.17801047120419,75,2,0,8,11,20,0,9,50,10,34,3,75
BCJ Cutting,238,17,146,163.013698630137,39,0,0,13,2,3,37,4,10,24,12,9,15
MD Mishra,237,17,213,111.26760563380283,41,0,0,4,2,9,12,7,37,0,2,25,20
Harpreet Brar,233,24,201,115.92039800995025,29,0,0,17,29,21,3,1,2,2,0,2,17
A Manohar,231,15,181,127.62430939226519,43,0,0,8,1,2,26,42,3,27,14,0,2
WG Jacks,230,8,133,172.93233082706766,100,1,1,41,12,1,100,6,55,7,8,0,0
D Brevis,230,10,176,130.6818181818182,49,0,0,23,0,46,37,3,4,31,49,8,29
R Ravindra,222,10,146,152.05479452054794,61,1,0,61,27,1,0,21,15,12,2,46,37
Mohammad Nabi,221,19,157,140.76433121019107,37,0,0,1,7,23,0,4,3,17,14,11,20
K Goel,218,16,239,91.21338912133892,38,0,0,1,17,20,14,1,20,12,19,0,38
AA Jhunjhunwala,217,15,218,99.54128440366972,53,1,0,19,1,4,0,10,13,22,11,7,2
R Dhawan,210,22,188,111.70212765957446,25,0,0,19,1,4,7,5,21,11,3,25,1
UT Yadav,208,48,211,98.5781990521327,24,0,0,2,10,4,3,1,5,6,0,0,15
K Rabada,206,28,207,99.51690821256038,44,0,0,11,1,8,0,0,6,0,2,2,1
CA Ingram,205,15,183,112.02185792349727,47,0,0,12,1,11,3,19,14,22,5,38,10
PD Collingwood,203,7,159,127.67295597484276,75,3,0,51,2,4,2,75,16,53,0,0,0
KS Bharat,199,8,168,118.45238095238095,78,1,0,0,8,9,32,44,78,12,16,0,0
JC Archer,199,23,132,150.75757575757575,27,0,0,3,1,1,6,13,2,16,16,24,6
SK Warne,198,27,219,90.41095890410958,34,0,0,2,0,5,3,3,1,0,1,4,1
JD Unadkat,197,27,170,115.88235294117648,26,0,0,4,5,1,8,6,9,1,19,14,12
SP Fleming,196,10,171,114.61988304093566,45,0,0,14,7,45,32,26,1,44,14,0,13
AS Raut,194,16,172,112.79069767441861,36,0,0,5,19,25,11,2,32,20,0,2,11
BJ Rohrer,193,8,146,132.1917808219178,64,1,0,7,4,32,64,10,13,49,14,0,0
Salman Butt,193,7,172,112.20930232558139,73,1,0,24,24,73,13,48,4,7,0,0,0
YV Takawale,192,10,183,104.91803278688525,45,0,0,19,45,0,0,40,18,24,5,27,14
HC Brook,190,11,159,119.49685534591194,100,0,1,0,27,0,0,7,18,9,100,13,3
Ashutosh Sharma,189,9,118,160.16949152542372,61,1,0,2,17,8,3,3,61,31,33,31,0
Bipul Sharma,187,17,124,150.80645161290323,35,0,0,2,8,21,5,27,14,5,1,7,12
Kuldeep Yadav,183,32,224,81.69642857142857,35,0,0,6,5,35,0,1,0,10,0,0,4
FY Fazal,183,11,179,102.23463687150837,45,0,0,16,3,13,10,36,4,0,17,8,45
SD Hope,183,9,125,146.4,41,0,0,38,29,1,6,41,5,19,11,33,0
MS Wade,183,14,185,98.91891891891892,35,0,0,4,8,35,16,20,10,12,19,6,1
Sikandar Raza,182,9,143,127.27272727272727,57,1,0,28,15,11,13,36,57,5,1,16,0
AC Voges,181,7,143,126.57342657342659,45,0,0,8,28,28,15,20,45,37,0,0,0
CR Brathwaite,181,14,120,150.83333333333334,43,0,0,5,6,21,8,43,3,11,1,1,10
S Gopal,180,22,173,104.04624277456647,24,0,0,9,0,7,6,23,1,5,2,12,18
AB Agarkar,179,18,160,111.87499999999999,39,0,0,9,3,7,9,6,8,17,13,39,6
MF Maharoof,177,14,124,142.74193548387098,39,0,0,0,2,28,1,18,3,6,20,13,0
C Munro,177,11,144,122.91666666666667,40,0,0,27,14,3,40,0,26,33,4,16,10
DH Yagnik,170,17,142,119.71830985915493,34,0,0,4,31,0,10,10,7,5,34,12,16
Ramandeep Singh,170,13,106,160.37735849056605,35,0,0,17,25,2,6,24,1,13,2,35,13
CM Gautam,169,13,158,106.9620253164557,33,0,0,4,8,1,9,30,33,4,22,7,7
MG Johnson,167,28,168,99.40476190476191,16,0,0,12,4,13,7,1,4,1,8,4,1
DW Steyn,167,33,163,102.45398773006136,19,0,0,1,1,19,1,0,1,9,12,4,0
MN van Wyk,167,5,135,123.7037037037037,74,1,0,0,74,18,32,43,0,0,0,0,0
PA Reddy,164,10,167,98.20359281437125,42,0,0,12,7,2,19,1,23,27,7,42,24
A Raghuvanshi,163,7,109,149.54128440366972,54,1,0,32,13,3,30,7,24,54,0,0,0
N Jagadeesan,162,10,155,104.51612903225806,39,0,0,19,27,1,0,36,6,1,39,33,0
MN Samuels,161,14,174,92.52873563218391,46,0,0,0,27,1,1,3,5,1,3,26,34
R McLaren,159,13,178,89.32584269662921,51,1,0,1,2,9,28,2,51,0,40,0,1
RE van der Merwe,159,15,144,110.41666666666667,35,0,0,14,8,2,2,2,8,1,32,2,23
AD Hales,148,6,119,124.36974789915966,45,0,0,37,2,14,5,45,45,0,0,0,0
D Wiese,148,11,105,140.95238095238096,47,0,0,8,12,1,5,12,4,17,9,11,22
SM Pollock,147,8,116,126.72413793103448,33,0,0,0,16,0,33,31,22,17,28,0,0
S Vidyut,145,8,115,126.08695652173914,54,1,0,16,6,0,16,8,40,5,54,0,0
Sachin Baby,144,11,123,117.07317073170731,33,0,0,7,12,2,1,18,0,25,33,16,27
N Saini,140,10,143,97.9020979020979,50,1,0,1,15,3,2,2,50,6,17,30,14
Naman Dhir,140,7,84,166.66666666666669,62,1,0,62,17,0,11,0,30,20,0,0,0
Anmolpreet Singh,139,9,117,118.80341880341881,36,0,0,5,0,5,36,33,31,5,8,16,0
S Anirudha,136,12,121,112.39669421487604,64,1,0,3,0,1,18,3,7,9,0,64,6
SB Styris,131,10,134,97.76119402985076,36,0,0,5,14,20,2,1,29,5,13,36,6
W Jaffer,130,8,129,100.7751937984496,50,1,0,8,7,44,0,5,10,50,6,0,0
RD Chahar,129,22,127,101.5748031496063,25,0,0,5,16,0,0,25,2,4,12,0,22
Kamran Akmal,128,6,78,164.1025641025641,53,1,0,6,18,53,24,12,15,0,0,0,0
TK Curran,127,10,108,117.59259259259258,54,1,0,0,21,4,15,54,10,18,1,2,2
P Dogra,127,12,141,90.0709219858156,41,0,0,5,3,6,6,8,20,5,1,0,3
UT Khawaja,127,6,105,120.95238095238095,30,0,0,30,19,21,11,16,30,0,0,0,0
SS Prabhudessai,126,10,113,111.50442477876106,34,0,0,24,6,10,0,19,2,15,10,6,34
M Morkel,126,20,93,135.48387096774192,23,0,0,1,4,4,0,19,13,2,0,23,0
MC Juneja,125,7,134,93.28358208955224,49,0,0,14,2,17,15,49,20,8,0,0,0
BB Samantray,125,8,116,107.75862068965519,55,1,0,14,5,55,0,2,10,37,2,0,0
B Lee,124,19,102,121.56862745098039,25,0,0,16,5,8,25,9,2,1,1,1,1
MM Sharma,124,28,137,90.51094890510949,21,0,0,0,2,0,0,2,3,4,1,6,6
Harpreet Singh,123,8,119,103.36134453781514,41,0,0,14,13,41,13,22,6,13,1,0,0
AB McDonald,123,9,103,119.41747572815532,33,0,0,0,9,8,30,8,33,14,18,3,0
DL Vettori,121,16,118,102.54237288135593,29,0,0,4,2,1,1,20,3,0,18,2,3
NK Patel,121,6,124,97.58064516129032,57,1,0,14,4,2,40,57,4,0,0,0,0
AC Blizzard,120,7,91,131.86813186813185,51,1,0,0,10,51,1,15,37,6,0,0,0
TG Southee,120,19,108,111.11111111111111,36,0,0,0,0,0,1,1,3,9,14,1,36
MW Short,117,6,99,118.18181818181819,36,0,0,27,11,8,34,36,1,0,0,0,0
RJ Harris,117,21,112,104.46428571428572,17,0,0,2,0,15,3,0,2,6,4,17,1
Misbah-ul-Haq,117,8,82,142.6829268292683,47,0,0,3,4,47,0,21,0,8,34,0,0
Z Khan,117,27,141,82.97872340425532,23,0,0,1,2,1,2,4,1,7,0,0,1
KK Cooper,116,12,70,165.71428571428572,32,0,0,2,5,32,4,26,7,0,2,8,14
R Shepherd,115,9,68,169.11764705882354,39,0,0,1,1,1,39,15,0,26,8,24,0
Aman Hakim Khan,115,10,109,105.50458715596329,51,1,0,7,16,2,51,4,0,18,8,4,5
DJM Short,115,7,102,112.74509803921569,44,0,0,4,2,44,44,11,6,4,0,0,0
M Kartik,113,14,109,103.6697247706422,21,0,0,0,2,8,4,14,1,11,1,21,11
DJ Harris,111,4,103,107.76699029126213,47,0,0,30,47,19,15,0,0,0,0,0,0
Mohammed Siraj,109,20,122,89.34426229508196,14,0,0,12,0,1,9,5,2,14,8,0,12
JDP Oram,106,11,110,96.36363636363636,41,0,0,0,9,17,7,1,3,2,41,8,5
LJ Wright,106,5,63,168.25396825396825,44,0,0,44,2,19,7,34,0,0,0,0,0
SE Rutherford,106,9,107,99.06542056074767,28,0,0,5,28,10,9,11,2,28,11,2,0
MA Starc,105,16,109,96.3302752293578,29,0,0,2,0,0,1,6,1,1,9,2,12
DS Kulkarni,104,20,113,92.03539823008849,28,0,0,3,5,3,3,1,3,10,2,6,6
RJ Quiney,103,7,105,98.09523809523809,51,1,0,1,6,51,28,4,7,6,0,0,0
MS Gony,99,15,76,130.26315789473685,42,0,0,3,0,0,42,4,0,0,2,7,6
SD Chitnis,99,8,92,107.6086956521739,38,0,0,38,11,11,6,9,6,3,15,0,0
MJ Clarke,98,6,96,102.08333333333333,41,0,0,13,13,16,1,14,41,0,0,0,0
CJ Ferguson,98,8,119,82.35294117647058,23,0,0,12,23,3,12,16,11,15,6,0,0
PN Mankad,97,5,75,129.33333333333331,64,1,0,3,26,0,64,4,0,0,0,0,0
Arshad Khan,96,6,67,143.28358208955223,58,1,0,0,58,20,1,2,15,0,0,0,0
JDS Neesham,92,10,93,98.9247311827957,22,0,0,14,17,0,0,10,2,7,12,22,8
PR Shah,92,9,97,94.84536082474226,29,0,0,5,12,11,29,1,0,5,10,19,0
DJ Jacobs,92,7,101,91.0891089108911,32,0,0,0,10,15,32,12,22,1,0,0,0
RT Ponting,91,9,129,70.54263565891473,28,0,0,4,14,0,6,28,19,0,0,20,0
S Rana,91,8,82,110.97560975609757,19,0,0,5,19,12,1,15,18,3,18,0,0
AJ Tye,91,13,79,115.18987341772151,25,0,0,6,0,0,0,14,1,4,3,3,7
AD Nath,90,10,99,90.9090909090909,24,0,0,3,24,13,2,19,9,0,3,5,12
Iqbal Abdulla,88,13,86,102.32558139534885,33,0,0,5,4,33,0,20,2,6,1,1,12
SL Malinga,88,20,103,85.43689320388349,17,0,0,7,0,6,2,0,0,1,1,0,7
AP Majumdar,87,4,77,112.98701298701299,31,0,0,17,9,31,30,0,0,0,0,0,0
Ankit Sharma,87,10,69,126.08695652173914,30,0,0,25,3,7,0,4,30,1,1,1,15
MJ McClenaghan,85,20,73,116.43835616438356,20,0,0,0,0,1,10,11,0,0,0,12,2
TA Boult,83,22,82,101.21951219512195,17,0,0,0,12,2,0,1,15,0,0,11,17
RE Levi,83,6,74,112.16216216216218,50,1,0,0,1,29,3,0,50,0,0,0,0
NM Coulter-Nile,82,16,75,109.33333333333333,24,0,0,1,1,3,24,1,6,6,2,2,7
Shahid Afridi,81,9,46,176.08695652173913,33,0,0,1,1,0,33,1,20,13,10,2,0
WPUJC Vaas,81,11,73,110.95890410958904,20,0,0,3,8,3,16,0,10,20,9,0,12
CJ Jordan,81,12,81,100.0,30,0,0,2,4,6,5,2,30,13,4,7,5
LA Carseldine,81,5,71,114.08450704225352,39,0,0,8,9,9,16,39,0,0,0,0,0
DL Chahar,80,12,61,131.14754098360655,39,0,0,1,1,2,5,0,0,7,10,39,1
RV Patel,80,7,76,105.26315789473684,23,0,0,10,23,11,5,6,18,7,0,0,0
AD Mascarenhas,79,11,79,100.0,27,0,0,5,9,0,5,3,9,8,4,27,0
CR Woakes,78,12,77,101.29870129870129,18,0,0,15,11,0,1,5,8,1,6,18,3
JR Philippe,78,5,80,97.5,33,0,0,1,0,12,32,33,0,0,0,0,0
IR Jaggi,76,7,100,76.0,28,0,0,28,5,2,10,3,3,25,0,0,0
B Akhil,76,11,57,133.33333333333331,27,0,0,13,0,8,9,6,3,5,27,2,3
TR Birt,75,5,59,127.11864406779661,27,0,0,16,4,27,20,8,0,0,0,0,0
Mohammed Shami,74,23,82,90.2439024390244,21,0,0,5,0,1,3,9,0,2,1,0,7
RR Sarwan,73,4,78,93.58974358974359,31,0,0,20,31,15,7,0,0,0,0,0,0
M Klinger,73,4,78,93.58974358974359,29,0,0,24,29,18,2,0,0,0,0,0,0
PWH de Silva,72,14,80,90.0,18,0,0,12,8,5,6,2,0,1,0,18,8
MJ Santner,70,11,77,90.9090909090909,22,0,0,3,0,11,1,1,1,1,9,11,22
J Suchith,70,9,62,112.90322580645163,34,0,0,0,2,14,6,1,4,9,0,34,0
Vivrant Sharma,69,1,49,140.81632653061226,69,1,0,69,0,0,0,0,0,0,0,0,0
AA Bilakhia,69,7,88,78.4090909090909,22,0,0,2,6,10,16,1,22,12,0,0,0
JJ Bumrah,68,26,80,85.0,16,0,0,1,2,8,1,0,0,0,0,1,5
LH Ferguson,68,7,48,141.66666666666669,24,0,0,1,5,0,18,24,19,1,0,0,0
RR Powar,67,9,64,104.6875,28,0,0,8,0,3,2,3,7,6,10,28,0
M Jansen,66,12,71,92.95774647887323,17,0,0,17,1,3,3,1,2,17,13,1,8
R Sharma,66,19,77,85.71428571428571,14,0,0,0,0,0,10,1,0,0,0,2,0
HR Shokeen,66,5,67,98.50746268656717,25,0,0,0,18,5,18,25,0,0,0,0,0
KA Jamieson,65,7,55,118.18181818181819,16,0,0,2,4,16,16,11,12,4,0,0,0
GD Phillips,65,8,55,118.18181818181819,25,0,0,1,5,0,25,8,8,4,14,0,0
WD Parnell,65,13,86,75.5813953488372,16,0,0,2,2,5,3,2,1,2,11,1,16
Mohammad Hafeez,64,8,84,76.19047619047619,16,0,0,4,6,5,13,2,16,13,5,0,0
Anirudh Singh,63,4,69,91.30434782608695,40,0,0,40,9,0,14,0,0,0,0,0,0
A Flintoff,62,3,57,108.77192982456141,24,0,0,16,22,24,0,0,0,0,0,0,0
SP Jackson,61,8,57,107.01754385964912,16,0,0,5,8,7,0,3,10,16,12,0,0
S Aravind,59,10,59,100.0,14,0,0,4,8,9,5,6,0,0,14,11,2
MG Bracewell,58,4,49,118.36734693877551,26,0,0,26,4,9,19,0,0,0,0,0,0
I Sharma,57,21,71,80.28169014084507,10,0,0,0,1,1,10,1,5,2,1,1,1
Vishnu Vinod,56,6,58,96.55172413793103,30,0,0,5,2,30,3,7,9,0,0,0,0
WA Mota,56,8,76,73.68421052631578,25,0,0,5,12,4,3,5,1,25,1,0,0
M Rawat,55,11,70,78.57142857142857,23,0,0,5,8,4,4,2,23,5,1,1,0
Sandeep Sharma,54,25,73,73.97260273972603,9,0,0,0,2,0,8,2,0,9,1,0,1
A Chopra,53,6,75,70.66666666666667,24,0,0,11,2,1,13,24,2,0,0,0,0
DJ Willey,53,5,64,82.8125,20,0,0,11,4,20,0,18,0,0,0,0,0
Shoaib Malik,52,5,49,106.12244897959184,24,0,0,1,2,24,6,19,0,0,0,0,0
RP Singh,52,28,78,66.66666666666666,10,0,0,1,3,1,1,0,1,0,1,0,0
Sameer Rizvi,51,5,43,118.6046511627907,21,0,0,15,21,1,0,14,0,0,0,0,0
Swapnil Singh,51,9,46,110.86956521739131,15,0,0,9,0,1,15,12,2,10,2,0,0
R Rampaul,51,7,52,98.07692307692307,23,0,0,13,0,3,23,0,12,0,0,0,0
KB Arun Karthik,51,8,53,96.22641509433963,19,0,0,12,5,5,0,19,6,1,3,0,0
OF Smith,51,6,50,102.0,25,0,0,13,1,0,3,9,25,0,0,0,0
Shivam Mavi,51,11,58,87.93103448275862,20,0,0,1,2,0,20,5,1,9,0,6,0
VR Aaron,50,12,73,68.4931506849315,17,0,0,0,1,3,0,4,6,17,7,11,0
RV Gomez,50,9,53,94.33962264150944,26,0,0,4,2,7,1,0,0,10,26,0,0
AS Yadav,49,6,40,122.50000000000001,16,0,0,0,3,8,16,12,10,0,0,0,0
SB Bangar,49,7,58,84.48275862068965,17,0,0,2,17,2,3,3,8,14,0,0,0
A Nortje,49,13,51,96.07843137254902,23,0,0,0,4,0,3,2,23,5,0,4,1
AG Paunikar,49,5,61,80.32786885245902,20,0,0,15,9,5,20,0,0,0,0,0,0
T Kohler-Cadmore,48,3,54,88.88888888888889,20,0,0,10,20,18,0,0,0,0,0,0,0
M Markande,48,10,44,109.09090909090908,18,0,0,18,1,2,6,3,7,1,0,4,6
Yashpal Singh,47,4,67,70.1492537313433,20,0,0,6,13,8,20,0,0,0,0,0,0
DR Sams,44,13,48,91.66666666666666,15,0,0,0,15,1,1,0,6,3,5,0,7
D Pretorius,44,5,28,157.14285714285714,22,0,0,13,1,22,8,0,0,0,0,0,0
Sunny Singh,43,5,31,138.70967741935485,20,0,0,4,2,5,20,12,0,0,0,0,0
PVD Chameera,43,7,32,134.375,17,0,0,11,0,0,17,1,13,1,0,0,0
SK Trivedi,42,14,61,68.85245901639344,9,0,0,0,3,5,0,4,9,7,0,6,1
AB Barath,42,3,43,97.67441860465115,33,0,0,2,33,7,0,0,0,0,0,0,0
Azmatullah Omarzai,42,4,34,123.52941176470588,17,0,0,1,13,11,17,0,0,0,0,0,0
Avesh Khan,41,9,25,164.0,12,0,0,3,7,0,1,12,2,7,5,4,0
A Nehra,41,17,63,65.07936507936508,22,0,0,1,0,0,0,1,0,0,1,0,9
BR Dunk,40,3,36,111.11111111111111,20,0,0,15,5,20,0,0,0,0,0,0,0
J Yadav,40,4,38,105.26315789473684,23,0,0,11,23,5,1,0,0,0,0,0,0
Rasikh Salam,40,6,40,100.0,10,0,0,10,9,8,1,7,5,0,0,0,0
LPC Silva,40,3,27,148.14814814814815,23,0,0,23,17,0,0,0,0,0,0,0,0
DJ Thornely,39,4,54,72.22222222222221,30,0,0,8,1,30,0,0,0,0,0,0,0
Umar Gul,39,4,19,205.26315789473685,24,0,0,24,7,6,2,0,0,0,0,0,0
MM Patel,39,12,41,95.1219512195122,23,0,0,0,1,1,0,4,0,5,23,5,0
AUK Pathan,39,7,26,150.0,14,0,0,4,2,7,0,14,0,12,0,0,0
S Nadeem,39,20,88,44.31818181818182,6,0,0,0,2,5,6,2,0,0,1,2,3
S Narwal,37,4,29,127.58620689655173,23,0,0,23,12,2,0,0,0,0,0,0,0
YS Chahal,37,17,89,41.57303370786517,8,0,0,5,2,8,0,1,1,1,4,0,4
KW Richardson,36,4,39,92.3076923076923,26,0,0,1,1,8,26,0,0,0,0,0,0
AN Ahmed,36,6,27,133.33333333333331,18,0,0,1,4,5,4,18,4,0,0,0,0
Anureet Singh,36,8,47,76.59574468085107,15,0,0,3,15,0,8,0,10,0,0,0,0
Joginder Sharma,36,5,30,120.0,16,0,0,0,4,16,16,0,0,0,0,0,0
L Balaji,36,13,50,72.0,15,0,0,1,0,0,9,3,1,3,0,15,2
Sohail Tanvir,36,5,31,116.12903225806453,13,0,0,9,5,13,6,3,0,0,0,0,0
M Ashwin,35,12,50,70.0,9,0,0,0,6,0,6,9,6,4,1,1,1
B Sumanth,35,4,38,92.10526315789474,16,0,0,16,7,6,6,0,0,0,0,0,0
A Kumble,35,15,49,71.42857142857143,8,0,0,1,1,2,1,1,1,7,1,5,1
L Ronchi,34,5,37,91.8918918918919,13,0,0,0,13,11,2,8,0,0,0,0,0
S Sreesanth,34,12,57,59.64912280701754,15,0,0,0,1,0,0,1,0,12,15,1,4
AP Dole,34,2,23,147.82608695652172,30,0,0,30,4,0,0,0,0,0,0,0,0
A Mithun,34,6,26,130.76923076923077,11,0,0,2,11,10,6,0,5,0,0,0,0
Imran Tahir,33,8,37,89.1891891891892,13,0,0,13,2,0,5,3,2,4,4,0,0
Navdeep Saini,33,7,38,86.8421052631579,12,0,0,2,2,9,12,6,0,2,0,0,0
SB Dubey,33,3,21,157.14285714285714,25,0,0,0,25,8,0,0,0,0,0,0,0
D Salunkhe,33,3,24,137.5,26,0,0,6,1,26,0,0,0,0,0,0,0
Ravi Bishnoi,32,14,52,61.53846153846154,6,0,0,2,2,0,3,2,4,5,0,3,3
Basil Thampi,32,7,37,86.48648648648648,13,0,0,1,3,2,2,11,0,13,0,0,0
RJ Peterson,32,5,32,100.0,16,0,0,0,13,1,2,16,0,0,0,0,0
AT Carey,32,3,29,110.34482758620689,14,0,0,14,14,4,0,0,0,0,0,0,0
S Sriram,31,2,38,81.57894736842105,27,0,0,4,27,0,0,0,0,0,0,0,0
T Taibu,31,3,26,119.23076923076923,15,0,0,7,9,15,0,0,0,0,0,0,0
NS Naik,31,4,53,58.490566037735846,22,0,0,1,7,1,22,0,0,0,0,0,0
VH Zol,29,2,26,111.53846153846155,16,0,0,13,16,0,0,0,0,0,0,0,0
J Syed Mohammad,29,5,27,107.40740740740742,13,0,0,9,1,4,2,13,0,0,0,0,0
Arshdeep Singh,29,11,42,69.04761904761905,10,0,0,4,2,2,0,9,0,10,0,1,1
SB Jakati,28,5,30,93.33333333333333,13,0,0,1,1,6,7,13,0,0,0,0,0
AS Joseph,27,5,32,84.375,15,0,0,7,4,1,0,15,0,0,0,0,0
JM Kemp,26,2,25,104.0,22,0,0,4,22,0,0,0,0,0,0,0,0
AS Rajpoot,26,7,41,63.41463414634146,8,0,0,2,7,2,1,8,4,2,0,0,0
AS Roy,26,6,24,108.33333333333333,13,0,0,3,6,13,0,4,0,0,0,0,0
DJ Malan,26,1,26,100.0,26,0,0,26,0,0,0,0,0,0,0,0,0
MD Shanaka,26,3,26,100.0,17,0,0,17,0,9,0,0,0,0,0,0,0
NL McCullum,26,2,23,113.04347826086956,15,0,0,11,15,0,0,0,0,0,0,0,0
TL Seifert,26,3,26,100.0,21,0,0,3,21,2,0,0,0,0,0,0,0
PJ Sangwan,26,14,47,55.319148936170215,6,0,0,2,0,0,1,1,4,6,4,0,5
AB Dinda,26,16,50,52.0,7,0,0,7,2,2,0,6,2,1,0,0,2
Mohsin Khan,25,5,27,92.5925925925926,13,0,0,2,0,9,1,13,0,0,0,0,0
CV Varun,25,10,49,51.02040816326531,10,0,0,0,1,1,1,10,0,2,7,2,1
S Chanderpaul,25,3,33,75.75757575757575,16,0,0,7,2,16,0,0,0,0,0,0,0
A Choudhary,25,3,20,125.0,15,0,0,4,15,6,0,0,0,0,0,0,0
Sanvir Singh,25,5,22,113.63636363636364,8,0,0,0,6,8,4,7,0,0,0,0,0
Tanush Kotian,24,1,32,75.0,24,0,0,24,0,0,0,0,0,0,0,0,0
MA Khote,24,3,22,109.09090909090908,9,0,0,7,8,9,0,0,0,0,0,0,0
KC Cariappa,24,5,21,114.28571428571428,12,0,0,9,1,1,12,1,0,0,0,0,0
ER Dwivedi,24,2,15,160.0,19,0,0,5,19,0,0,0,0,0,0,0,0
AJ Turner,24,6,31,77.41935483870968,16,0,0,16,5,3,0,0,0,0,0,0,0
BMAJ Mendis,23,3,27,85.18518518518519,12,0,0,11,12,0,0,0,0,0,0,0,0
J Arunkumar,23,3,24,95.83333333333334,22,0,0,0,1,22,0,0,0,0,0,0,0
Umran Malik,23,5,16,143.75,19,0,0,19,0,3,0,1,0,0,0,0,0
AF Milne,23,6,31,74.19354838709677,15,0,0,0,15,1,0,5,2,0,0,0,0
SW Tait,23,5,26,88.46153846153845,11,0,0,1,10,0,11,1,0,0,0,0,0
P Dubey,23,2,33,69.6969696969697,16,0,0,16,7,0,0,0,0,0,0,0,0
KL Nagarkoti,22,7,34,64.70588235294117,8,0,0,0,4,1,6,3,8,0,0,0,0
Yudhvir Singh,22,4,16,137.5,14,0,0,14,7,1,0,0,0,0,0,0,0
SA Abbott,22,3,18,122.22222222222223,14,0,0,7,14,1,0,0,0,0,0,0,0
GB Hogg,22,4,22,100.0,13,0,0,5,2,13,2,0,0,0,0,0,0
AU Rashid,22,2,17,129.41176470588235,18,0,0,4,18,0,0,0,0,0,0,0,0
HE van der Dussen,22,3,25,88.0,12,0,0,12,6,4,0,0,0,0,0,0,0
B Indrajith,21,3,31,67.74193548387096,15,0,0,0,15,6,0,0,0,0,0,0,0
DE Bollinger,21,4,23,91.30434782608695,16,0,0,3,0,16,2,0,0,0,0,0,0
TU Deshpande,21,4,15,140.0,20,0,0,0,0,20,1,0,0,0,0,0,0
NJ Maddinson,20,3,21,95.23809523809523,12,0,0,4,12,4,0,0,0,0,0,0,0
M Muralitharan,20,9,30,66.66666666666666,6,0,0,0,6,5,1,1,4,3,0,0,0
C Sakariya,20,7,31,64.51612903225806,7,0,0,0,4,7,1,2,6,0,0,0,0
AC Thomas,20,4,19,105.26315789473684,12,0,0,7,12,1,0,0,0,0,0,0,0
RR Raje,20,5,18,111.11111111111111,11,0,0,1,11,1,1,6,0,0,0,0,0
S Kaul,20,9,36,55.55555555555556,7,0,0,7,1,0,1,2,0,0,2,7,0
Akash Deep,19,3,12,158.33333333333331,17,0,0,2,17,0,0,0,0,0,0,0,0
JR Hazlewood,19,6,29,65.51724137931035,7,0,0,1,1,7,0,3,7,0,0,0,0
P Ray Barman,19,1,25,76.0,19,0,0,19,0,0,0,0,0,0,0,0,0
R Shukla,19,4,23,82.6086956521739,14,0,0,14,2,2,1,0,0,0,0,0,0
Y Gnaneswara Rao,19,1,18,105.55555555555556,19,0,0,19,0,0,0,0,0,0,0,0,0
P Sahu,19,2,13,146.15384615384613,18,0,0,1,18,0,0,0,0,0,0,0,0
R Bishnoi,19,3,17,111.76470588235294,18,0,0,18,1,0,0,0,0,0,0,0,0
A Mukund,19,2,23,82.6086956521739,19,0,0,19,0,0,0,0,0,0,0,0,0
Gulbadin Naib,19,1,15,126.66666666666666,19,0,0,19,0,0,0,0,0,0,0,0,0
DR Martyn,19,1,26,73.07692307692307,19,0,0,19,0,0,0,0,0,0,0,0,0
NT Ellis,19,5,26,73.07692307692307,12,0,0,1,0,0,12,6,0,0,0,0,0
JJ van der Wath,18,3,17,105.88235294117648,14,0,0,4,14,0,0,0,0,0,0,0,0
Naveen-ul-Haq,18,4,26,69.23076923076923,13,0,0,2,1,2,13,0,0,0,0,0,0
Sumit Kumar,18,3,26,69.23076923076923,9,0,0,9,7,2,0,0,0,0,0,0,0
Saurav Chauhan,18,3,16,112.5,9,0,0,0,9,9,0,0,0,0,0,0,0
T Banton,18,2,22,81.81818181818183,10,0,0,8,10,0,0,0,0,0,0,0,0
BJ Haddin,18,1,11,163.63636363636365,18,0,0,18,0,0,0,0,0,0,0,0,0
KMA Paul,18,5,26,69.23076923076923,7,0,0,3,5,7,0,3,0,0,0,0,0
DS Lehmann,18,2,19,94.73684210526315,17,0,0,17,1,0,0,0,0,0,0,0,0
Harmeet Singh,18,4,12,150.0,14,0,0,3,14,1,0,0,0,0,0,0,0
PV Tambe,18,6,39,46.15384615384615,7,0,0,7,1,2,3,2,3,0,0,0,0
JA Richardson,17,3,27,62.96296296296296,15,0,0,2,15,0,0,0,0,0,0,0,0
Parvez Rasool,17,4,20,85.0,10,0,0,10,2,4,1,0,0,0,0,0,0
PP Ojha,16,19,45,35.55555555555556,3,0,0,1,2,1,1,0,1,1,3,0,0
YV Dhull,16,3,23,69.56521739130434,13,0,0,13,1,2,0,0,0,0,0,0,0
AJ Hosein,16,1,11,145.45454545454547,16,0,0,16,0,0,0,0,0,0,0,0,0
KS Sharma,16,3,25,64.0,9,0,0,3,9,4,0,0,0,0,0,0,0
CK Kapugedera,16,3,24,66.66666666666666,8,0,0,8,0,8,0,0,0,0,0,0,0
JL Pattinson,15,2,13,115.38461538461537,11,0,0,4,11,0,0,0,0,0,0,0,0
C Madan,15,1,21,71.42857142857143,15,0,0,15,0,0,0,0,0,0,0,0,0
GR Napier,15,1,16,93.75,15,0,0,15,0,0,0,0,0,0,0,0,0
I Udana,15,4,11,136.36363636363635,10,0,0,10,1,4,0,0,0,0,0,0,0
SD Lad,15,1,13,115.38461538461537,15,0,0,15,0,0,0,0,0,0,0,0,0
Virat Singh,15,2,26,57.692307692307686,11,0,0,4,11,0,0,0,0,0,0,0,0
A Zampa,15,5,25,60.0,7,0,0,2,7,1,5,0,0,0,0,0,0
VY Mahesh,15,5,28,53.57142857142857,6,0,0,3,3,0,3,6,0,0,0,0,0
G Coetzee,14,5,22,63.63636363636363,8,0,0,8,1,0,4,1,0,0,0,0,0
Vijaykumar Vyshak,14,4,13,107.6923076923077,13,0,0,1,0,13,0,0,0,0,0,0,0
FA Allen,14,3,19,73.68421052631578,8,0,0,8,0,6,0,0,0,0,0,0,0
MDKJ Perera,14,2,13,107.6923076923077,14,0,0,0,14,0,0,0,0,0,0,0,0
F Behardien,14,3,13,107.6923076923077,9,0,0,5,0,9,0,0,0,0,0,0,0
Kartik Tyagi,13,6,16,81.25,7,0,0,0,7,1,1,2,2,0,0,0,0
DT Patil,13,2,13,100.0,9,0,0,9,4,0,0,0,0,0,0,0,0
DR Shorey,13,2,20,65.0,8,0,0,5,8,0,0,0,0,0,0,0,0
S Badree,13,5,25,52.0,8,0,0,8,2,3,0,0,0,0,0,0,0
Arjun Tendulkar,13,1,9,144.44444444444443,13,0,0,13,0,0,0,0,0,0,0,0,0
Noor Ahmad,13,5,18,72.22222222222221,7,0,0,1,4,7,0,1,0,0,0,0,0
Mustafizur Rahman,13,6,23,56.52173913043478,8,0,0,1,3,0,8,0,1,0,0,0,0
R Sai Kishore,13,1,6,216.66666666666666,13,0,0,13,0,0,0,0,0,0,0,0,0
KJ Abbott,13,3,8,162.5,12,0,0,1,0,12,0,0,0,0,0,0,0
T Thushara,12,4,19,63.1578947368421,8,0,0,8,2,1,1,0,0,0,0,0,0
AA Chavan,12,3,11,109.09090909090908,7,0,0,7,4,1,0,0,0,0,0,0,0
Mujeeb Ur Rahman,12,6,15,80.0,10,0,0,1,1,0,0,10,0,0,0,0,0
DG Nalkande,12,2,12,100.0,12,0,0,12,0,0,0,0,0,0,0,0,0
AR Bawne,12,1,12,100.0,12,0,0,12,0,0,0,0,0,0,0,0,0
K Upadhyay,12,2,9,133.33333333333331,11,0,0,1,11,0,0,0,0,0,0,0,0
MA Wood,12,3,10,120.0,10,0,0,1,10,1,0,0,0,0,0,0,0
Karanveer Singh,12,4,17,70.58823529411765,5,0,0,4,2,5,1,0,0,0,0,0,0
DAJ Bracewell,12,1,9,133.33333333333331,12,0,0,12,0,0,0,0,0,0,0,0,0
T Henderson,11,2,16,68.75,11,0,0,0,11,0,0,0,0,0,0,0,0
T Kohli,11,3,20,55.00000000000001,7,0,0,1,3,7,0,0,0,0,0,0,0
RA Bawa,11,2,14,78.57142857142857,11,0,0,11,0,0,0,0,0,0,0,0,0
M Ntini,11,2,19,57.89473684210527,11,0,0,0,11,0,0,0,0,0,0,0,0
DNT Zoysa,11,2,9,122.22222222222223,10,0,0,10,1,0,0,0,0,0,0,0,0
RK Bhui,10,4,27,37.03703703703704,7,0,0,0,3,7,0,0,0,0,0,0,0
TD Paine,10,2,29,34.48275862068966,8,0,0,8,2,0,0,0,0,0,0,0,0
D du Preez,10,1,13,76.92307692307693,10,0,0,10,0,0,0,0,0,0,0,0,0
AG Murtaza,10,3,14,71.42857142857143,5,0,0,5,3,2,0,0,0,0,0,0,0
Mukesh Kumar,10,5,20,50.0,6,0,0,3,0,6,1,0,0,0,0,0,0
SMSM Senanayake,10,4,17,58.82352941176471,7,0,0,2,0,7,1,0,0,0,0,0,0
X Thalaivan Sargunam,10,1,17,58.82352941176471,10,0,0,10,0,0,0,0,0,0,0,0,0
J Theron,10,4,13,76.92307692307693,7,0,0,1,7,2,0,0,0,0,0,0,0
KAJ Roach,10,1,9,111.11111111111111,10,0,0,10,0,0,0,0,0,0,0,0,0
JE Root,10,1,15,66.66666666666666,10,0,0,10,0,0,0,0,0,0,0,0,0
BB Sran,10,7,14,71.42857142857143,3,0,0,3,1,2,0,2,1,1,0,0,0
SM Harwood,9,2,14,64.28571428571429,6,0,0,6,3,0,0,0,0,0,0,0,0
M Prasidh Krishna,9,7,24,37.5,4,0,0,2,4,0,2,0,0,1,0,0,0
VG Arora,9,7,17,52.94117647058824,2,0,0,1,1,2,2,0,2,1,0,0,0
AA Noffke,9,1,12,75.0,9,0,0,9,0,0,0,0,0,0,0,0,0
L Wood,9,1,3,300.0,9,0,0,9,0,0,0,0,0,0,0,0,0
K Kartikeya,9,2,13,69.23076923076923,6,0,0,6,3,0,0,0,0,0,0,0,0
AA Kulkarni,9,2,8,112.5,9,0,0,9,0,0,0,0,0,0,0,0,0
D Ferreira,8,2,11,72.72727272727273,7,0,0,7,1,0,0,0,0,0,0,0,0
P Chopra,8,1,6,133.33333333333331,8,0,0,8,0,0,0,0,0,0,0,0,0
OC McCoy,8,1,5,160.0,8,0,0,8,0,0,0,0,0,0,0,0,0
CK Langeveldt,8,2,9,88.88888888888889,8,0,0,8,0,0,0,0,0,0,0,0,0
CJ McKay,8,1,15,53.333333333333336,8,0,0,8,0,0,0,0,0,0,0,0,0
TS Mills,8,5,14,57.14285714285714,6,0,0,0,0,2,0,6,0,0,0,0,0
TM Srivastava,8,3,11,72.72727272727273,7,0,0,0,1,7,0,0,0,0,0,0,0
JPR Scantlebury-Searles,8,2,6,133.33333333333331,6,0,0,2,6,0,0,0,0,0,0,0,0
Jaskaran Singh,8,4,11,72.72727272727273,4,0,0,0,1,3,4,0,0,0,0,0,0
I Malhotra,7,1,4,175.0,7,0,0,7,0,0,0,0,0,0,0,0,0
V Viyaskanth,7,1,5,140.0,7,0,0,7,0,0,0,0,0,0,0,0,0
VS Malik,7,2,7,100.0,6,0,0,1,6,0,0,0,0,0,0,0,0
IS Sodhi,7,2,18,38.88888888888889,6,0,0,6,1,0,0,0,0,0,0,0,0
M Theekshana,7,2,7,100.0,7,0,0,0,7,0,0,0,0,0,0,0,0
Simarjeet Singh,7,3,8,87.5,3,0,0,3,2,2,0,0,0,0,0,0,0
AN Ghosh,7,2,8,87.5,7,0,0,7,0,0,0,0,0,0,0,0,0
Pankaj Singh,7,5,12,58.333333333333336,4,0,0,1,1,0,1,4,0,0,0,0,0
Ankit Soni,7,3,9,77.77777777777779,7,0,0,0,0,7,0,0,0,0,0,0,0
UA Birla,7,1,15,46.666666666666664,7,0,0,7,0,0,0,0,0,0,0,0,0
PSP Handscomb,6,1,12,50.0,6,0,0,6,0,0,0,0,0,0,0,0,0
Mukesh Choudhary,6,2,6,100.0,4,0,0,4,2,0,0,0,0,0,0,0,0
DM Bravo,6,1,5,120.0,6,0,0,6,0,0,0,0,0,0,0,0,0
SH Johnson,6,3,7,85.71428571428571,5,0,0,1,0,5,0,0,0,0,0,0,0
SS Shaikh,6,1,7,85.71428571428571,6,0,0,6,0,0,0,0,0,0,0,0,0
SB Joshi,6,2,16,37.5,3,0,0,3,3,0,0,0,0,0,0,0,0
JP Behrendorff,6,2,9,66.66666666666666,3,0,0,3,3,0,0,0,0,0,0,0,0
BA Bhatt,6,2,7,85.71428571428571,6,0,0,6,0,0,0,0,0,0,0,0,0
KMDN Kulasekara,5,1,3,166.66666666666669,5,0,0,5,0,0,0,0,0,0,0,0,0
B Laughlin,5,4,13,38.46153846153847,4,0,0,0,1,4,0,0,0,0,0,0,0
B Stanlake,5,1,2,250.0,5,0,0,5,0,0,0,0,0,0,0,0,0
Shivam Sharma,5,2,3,166.66666666666669,4,0,0,1,4,0,0,0,0,0,0,0,0
P Awana,5,5,14,35.714285714285715,4,0,0,0,0,0,1,4,0,0,0,0,0
SJ Srivastava,5,4,5,100.0,3,0,0,3,1,1,0,0,0,0,0,0,0
Arshad Khan (2),5,1,4,125.0,5,0,0,5,0,0,0,0,0,0,0,0,0
Akash Madhwal,4,1,5,80.0,4,0,0,4,0,0,0,0,0,0,0,0,0
VRV Singh,4,2,3,133.33333333333331,4,0,0,0,4,0,0,0,0,0,0,0,0
FH Edwards,4,2,5,80.0,3,0,0,1,3,0,0,0,0,0,0,0,0
CRD Fernando,4,2,3,133.33333333333331,2,0,0,2,2,0,0,0,0,0,0,0,0
Liton Das,4,1,4,100.0,4,0,0,4,0,0,0,0,0,0,0,0,0
A Tomar,4,1,8,50.0,4,0,0,4,0,0,0,0,0,0,0,0,0
A Uniyal,4,2,7,57.14285714285714,4,0,0,4,0,0,0,0,0,0,0,0,0
A Dananjaya,4,1,5,80.0,4,0,0,4,0,0,0,0,0,0,0,0,0
GD McGrath,4,2,5,80.0,4,0,0,4,0,0,0,0,0,0,0,0,0
A Chandila,4,2,7,57.14285714285714,4,0,0,4,0,0,0,0,0,0,0,0,0
DP Nannes,4,2,13,30.76923076923077,3,0,0,1,3,0,0,0,0,0,0,0,0
RS Sodhi,4,1,2,200.0,4,0,0,4,0,0,0,0,0,0,0,0,0
T Natarajan,3,2,5,60.0,3,0,0,3,0,0,0,0,0,0,0,0,0
Younis Khan,3,1,7,42.857142857142854,3,0,0,3,0,0,0,0,0,0,0,0,0
RJW Topley,3,1,6,50.0,3,0,0,3,0,0,0,0,0,0,0,0,0
Fazalhaq Farooqi,3,2,13,23.076923076923077,2,0,0,1,2,0,0,0,0,0,0,0,0
S Tyagi,3,1,4,75.0,3,0,0,3,0,0,0,0,0,0,0,0,0
Mohammad Asif,3,2,6,50.0,3,0,0,3,0,0,0,0,0,0,0,0,0
GC Viljoen,3,3,7,42.857142857142854,2,0,0,0,2,1,0,0,0,0,0,0,0
R Ninan,3,1,6,50.0,3,0,0,3,0,0,0,0,0,0,0,0,0
Kumar Kushagra,3,3,7,42.857142857142854,2,0,0,2,1,0,0,0,0,0,0,0,0
BAW Mendis,3,3,6,50.0,2,0,0,2,1,0,0,0,0,0,0,0,0
Kamran Khan,3,1,5,60.0,3,0,0,3,0,0,0,0,0,0,0,0,0
D Kalyankrishna,3,1,8,37.5,3,0,0,3,0,0,0,0,0,0,0,0,0
JE Taylor,3,2,4,75.0,2,0,0,1,2,0,0,0,0,0,0,0,0
Mohammad Ashraful,2,1,12,16.666666666666664,2,0,0,2,0,0,0,0,0,0,0,0,0
SB Wagh,2,2,3,66.66666666666666,2,0,0,0,2,0,0,0,0,0,0,0,0
Shivam Singh,2,1,3,66.66666666666666,2,0,0,2,0,0,0,0,0,0,0,0,0
VS Yeligati,2,1,2,100.0,2,0,0,2,0,0,0,0,0,0,0,0,0
GHS Garton,2,2,4,50.0,2,0,0,2,0,0,0,0,0,0,0,0,0
RG More,2,1,2,100.0,2,0,0,2,0,0,0,0,0,0,0,0,0
RJ Gleeson,2,1,2,100.0,2,0,0,2,0,0,0,0,0,0,0,0,0
H Das,2,1,5,40.0,2,0,0,2,0,0,0,0,0,0,0,0,0
T Shamsi,2,1,4,50.0,2,0,0,2,0,0,0,0,0,0,0,0,0
Shoaib Akhtar,2,1,8,25.0,2,0,0,2,0,0,0,0,0,0,0,0,0
RS Gavaskar,2,1,8,25.0,2,0,0,2,0,0,0,0,0,0,0,0,0
BR Sharath,2,1,5,40.0,2,0,0,2,0,0,0,0,0,0,0,0,0
Mashrafe Mortaza,2,1,2,100.0,2,0,0,2,0,0,0,0,0,0,0,0,0
KP Appanna,2,3,4,50.0,1,0,0,1,1,0,0,0,0,0,0,0,0
Harshit Rana,2,3,3,66.66666666666666,2,0,0,0,2,0,0,0,0,0,0,0,0
A Kamboj,2,1,2,100.0,2,0,0,2,0,0,0,0,0,0,0,0,0
S Randiv,2,1,4,50.0,2,0,0,2,0,0,0,0,0,0,0,0,0
A Singh,2,5,10,20.0,1,0,0,0,1,0,1,0,0,0,0,0,0
Mohit Rathee,1,1,2,50.0,1,0,0,1,0,0,0,0,0,0,0,0,0
HF Gurney,1,1,5,20.0,1,0,0,1,0,0,0,0,0,0,0,0,0
NJ Rimmington,1,1,1,100.0,1,0,0,1,0,0,0,0,0,0,0,0,0
MJ Suthar,1,1,2,50.0,1,0,0,1,0,0,0,0,0,0,0,0,0
Shoaib Ahmed,1,3,6,16.666666666666664,1,0,0,0,1,0,0,0,0,0,0,0,0
SE Bond,1,1,2,50.0,1,0,0,1,0,0,0,0,0,0,0,0,0
P Parameswaran,1,2,3,33.33333333333333,1,0,0,0,1,0,0,0,0,0,0,0,0
KA Maharaj,1,1,2,50.0,1,0,0,1,0,0,0,0,0,0,0,0,0
KK Ahmed,1,5,7,14.285714285714285,1,0,0,0,0,1,0,0,0,0,0,0,0
Abdul Basith,1,1,1,100.0,1,0,0,1,0,0,0,0,0,0,0,0,0
BE Hendricks,1,2,3,33.33333333333333,1,0,0,1,0,0,0,0,0,0,0,0,0
SZ Mulani,1,1,1,100.0,1,0,0,1,0,0,0,0,0,0,0,0,0
DP Vijaykumar,1,1,1,100.0,1,0,0,1,0,0,0,0,0,0,0,0,0
DJ Muthuswami,1,1,3,33.33333333333333,1,0,0,1,0,0,0,0,0,0,0,0,0
LB Williams,1,1,2,50.0,1,0,0,1,0,0,0,0,0,0,0,0,0
M de Lange,1,1,2,50.0,1,0,0,1,0,0,0,0,0,0,0,0,0
LE Plunkett,1,2,3,33.33333333333333,1,0,0,1,0,0,0,0,0,0,0,0,0
PM Sarvesh Kumar,1,1,2,50.0,1,0,0,1,0,0,0,0,0,0,0,0,0
K Yadav,0,1,4,0,0,0,0,0,0,0,0,0,0,0,0,0,0
Y Prithvi Raj,0,1,1,0,0,0,0,0,0,0,0,0,0,0,0,0,0
Yash Dayal,0,1,1,0,0,0,0,0,0,0,0,0,0,0,0,0,0
YA Abdulla,0,1,1,0,0,0,0,0,0,0,0,0,0,0,0,0,0
KR Sen,0,1,3,0,0,0,0,0,0,0,0,0,0,0,0,0,0
L Ablish,0,1,2,0,0,0,0,0,0,0,0,0,0,0,0,0,0
Sunny Gupta,0,1,1,0,0,0,0,0,0,0,0,0,0,0,0,0,0
JL Denly,0,1,1,0,0,0,0,0,0,0,0,0,0,0,0,0,0
IC Pandey,0,1,2,0,0,0,0,0,0,0,0,0,0,0,0,0,0
Mayank Dagar,0,1,1,0,0,0,0,0,0,0,0,0,0,0,0,0,0
ND Doshi,0,1,13,0,0,0,0,0,0,0,0,0,0,0,0,0,0
V Pratap Singh,0,1,1,0,0,0,0,0,0,0,0,0,0,0,0,0,0
R Sanjay Yadav,0,1,2,0,0,0,0,0,0,0,0,0,0,0,0,0,0
RP Meredith,0,2,3,0,0,0,0,0,0,0,0,0,0,0,0,0,0
RR Bhatkal,0,1,2,0,0,0,0,0,0,0,0,0,0,0,0,0,0
C Nanda,0,1,1,0,0,0,0,0,0,0,0,0,0,0,0,0,0
U Kaul,0,1,1,0,0,0,0,0,0,0,0,0,0,0,0,0,0
S Kaushik,0,1,1,0,0,0,0,0,0,0,0,0,0,0,0,0,0
S Ladda,0,2,10,0,0,0,0,0,0,0,0,0,0,0,0,0,0
S Lamichhane,0,1,1,0,0,0,0,0,0,0,0,0,0,0,0,0,0
Abdur Razzak,0,1,2,0,0,0,0,0,0,0,0,0,0,0,0,0,0
SS Cottrell,0,1,2,0,0,0,0,0,0,0,0,0,0,0,0,0,0
KM Asif,0,1,2,0,0,0,0,0,0,0,0,0,0,0,0,0,0
